{
  "lui": {
    "brand": {
      "spacing": {
        "2xs": {
          "min": {
            "value": "0.125rem",
            "type": "spacing"
          },
          "val": {
            "value": "calc(0.0893rem + 0.1786vw)",
            "type": "spacing"
          },
          "max": {
            "value": "0.25rem",
            "type": "spacing"
          }
        },
        "1xs": {
          "min": {
            "value": "0.25rem",
            "type": "spacing"
          },
          "val": {
            "value": "calc(0.1786rem + 0.3571vw)",
            "type": "spacing"
          },
          "max": {
            "value": "0.5rem",
            "type": "spacing"
          }
        },
        "sm": {
          "min": {
            "value": "0.5rem",
            "type": "spacing"
          },
          "val": {
            "value": "calc(0.4286rem + 0.3571vw)",
            "type": "spacing"
          },
          "max": {
            "value": "0.75rem",
            "type": "spacing"
          }
        },
        "md": {
          "min": {
            "value": "0.75rem",
            "type": "spacing"
          },
          "val": {
            "value": "calc(0.6786rem + 0.3571vw)",
            "type": "spacing"
          },
          "max": {
            "value": "1rem",
            "type": "spacing"
          }
        },
        "lg": {
          "min": {
            "value": "1.25rem",
            "type": "spacing"
          },
          "val": {
            "value": "calc(1.1786rem + 0.3571vw)",
            "type": "spacing"
          },
          "max": {
            "value": "1.5rem",
            "type": "spacing"
          }
        },
        "1xl": {
          "min": {
            "value": "1.5rem",
            "type": "spacing"
          },
          "val": {
            "value": "calc(1.3571rem + 0.7143vw)",
            "type": "spacing"
          },
          "max": {
            "value": "2rem",
            "type": "spacing"
          }
        }
      },
      "typography": {
        "font-family": {
          "heading": {
            "value": "-apple-system, BlinkMacSystemFont, 'Segoe UI', Roboto, Oxygen, Ubuntu, Cantarell, 'Helvetica Neue', Arial, sans-serif, 'Apple Color Emoji', 'Segoe UI Emoji', 'Segoe UI Symbol'",
            "type": "fontFamilies",
            "description": "Default font for heading texts"
          },
          "body": {
            "value": "-apple-system, BlinkMacSystemFont, 'Segoe UI', Roboto, Oxygen, Ubuntu, Cantarell, 'Helvetica Neue', Arial, sans-serif, 'Apple Color Emoji', 'Segoe UI Emoji', 'Segoe UI Symbol'",
            "type": "fontFamilies",
            "description": "Default font for body texts"
          }
        },
        "font-size": {
          "3xs": {
            "value": "clamp(0.691rem, 0.6901rem + 0.0043vw, 0.694rem)",
            "type": "fontSizes"
          },
          "2xs": {
            "value": "clamp(0.778rem, 0.7623rem + 0.0786vw, 0.833rem)",
            "type": "fontSizes"
          },
          "1xs": {
            "value": "clamp(0.875rem, 0.8393rem + 0.1786vw, 1rem)",
            "type": "fontSizes"
          },
          "sm": {
            "value": "clamp(0.984rem, 0.9223rem + 0.3086vw, 1.2rem)",
            "type": "fontSizes"
          },
          "md": {
            "value": "clamp(1.107rem, 1.0119rem + 0.4757vw, 1.44rem)",
            "type": "fontSizes"
          },
          "lg": {
            "value": "clamp(1.246rem, 1.1083rem + 0.6886vw, 1.728rem)",
            "type": "fontSizes"
          },
          "1xl": {
            "value": "clamp(1.402rem, 1.21rem + 0.96vw, 2.074rem)",
            "type": "fontSizes"
          },
          "2xl": {
            "value": "clamp(1.577rem, 1.3167rem + 1.3014vw, 2.488rem)",
            "type": "fontSizes"
          },
          "3xl": {
            "value": "clamp(2.245rem, 1.6579rem + 2.9357vw, 4.3rem)",
            "type": "fontSizes"
          }
        }
      },
      "border": {
        "radius": {
          "1xs": {
            "value": "{lui.border.radius.4}",
            "type": "borderRadius"
          },
          "sm": {
            "value": "{lui.border.radius.8}",
            "type": "borderRadius"
          },
          "md": {
            "value": "{lui.border.radius.12}",
            "type": "borderRadius"
          },
          "lg": {
            "value": "{lui.border.radius.16}",
            "type": "borderRadius"
          }
        }
      }
    }
  }
}