{
  "lui": {
    "color": {
      "blue": {
        "1": {
          "value": "#ebf7ff",
          "type": "color"
        },
        "2": {
          "value": "#b3defd",
          "type": "color"
        },
        "3": {
          "value": "#7ec5fb",
          "type": "color"
        },
        "4": {
          "value": "#53aff7",
          "type": "color"
        },
        "5": {
          "value": "#339bf0",
          "type": "color"
        },
        "6": {
          "value": "#1c89e4",
          "type": "color"
        },
        "7": {
          "value": "#0c70c6",
          "type": "color"
        },
        "8": {
          "value": "#03437b",
          "type": "color"
        },
        "9": {
          "value": "#001b33",
          "type": "color"
        }
      },
      "gray": {
        "1": {
          "value": "#ffffff",
          "type": "color"
        },
        "2": {
          "value": "#eeecf1",
          "type": "color"
        },
        "3": {
          "value": "#c7cad4",
          "type": "color"
        },
        "4": {
          "value": "#979aa9",
          "type": "color"
        },
        "5": {
          "value": "#6c7081",
          "type": "color"
        },
        "6": {
          "value": "#545867",
          "type": "color"
        },
        "7": {
          "value": "#3d414d",
          "type": "color"
        },
        "8": {
          "value": "#282b33",
          "type": "color"
        },
        "9": {
          "value": "#131519",
          "type": "color"
        }
      },
      "green": {
        "1": {
          "value": "#e6ffea",
          "type": "color"
        },
        "2": {
          "value": "#a9efb5",
          "type": "color"
        },
        "3": {
          "value": "#76df87",
          "type": "color"
        },
        "4": {
          "value": "#4fcf64",
          "type": "color"
        },
        "5": {
          "value": "#2da943",
          "type": "color"
        },
        "6": {
          "value": "#19822c",
          "type": "color"
        },
        "7": {
          "value": "#0c5c1b",
          "type": "color"
        },
        "8": {
          "value": "#05360f",
          "type": "color"
        },
        "9": {
          "value": "#010f04",
          "type": "color"
        }
      },
      "orange": {
        "1": {
          "value": "#ffc5ad",
          "type": "color"
        },
        "2": {
          "value": "#ffab7d",
          "type": "color"
        },
        "3": {
          "value": "#ff9a50",
          "type": "color"
        },
        "4": {
          "value": "#ff922b",
          "type": "color"
        },
        "5": {
          "value": "#dc730d",
          "type": "color"
        },
        "6": {
          "value": "#ba5c00",
          "type": "color"
        },
        "7": {
          "value": "#974a00",
          "type": "color"
        },
        "8": {
          "value": "#743800",
          "type": "color"
        },
        "9": {
          "value": "#522600",
          "type": "color"
        }
      },
      "red": {
        "1": {
          "value": "#ffdbdb",
          "type": "color"
        },
        "2": {
          "value": "#fda9a9",
          "type": "color"
        },
        "3": {
          "value": "#fc7979",
          "type": "color"
        },
        "4": {
          "value": "#fa5252",
          "type": "color"
        },
        "5": {
          "value": "#d43332",
          "type": "color"
        },
        "6": {
          "value": "#ae201e",
          "type": "color"
        },
        "7": {
          "value": "#891412",
          "type": "color"
        },
        "8": {
          "value": "#630d0b",
          "type": "color"
        },
        "9": {
          "value": "#3d0806",
          "type": "color"
        }
      },
      "violet": {
        "1": {
          "value": "#edd6ff",
          "type": "color"
        },
        "2": {
          "value": "#d9adff",
          "type": "color"
        },
        "3": {
          "value": "#c184ff",
          "type": "color"
        },
        "4": {
          "value": "#ab66ff",
          "type": "color"
        },
        "5": {
          "value": "#8733ff",
          "type": "color"
        },
        "6": {
          "value": "#6825db",
          "type": "color"
        },
        "7": {
          "value": "#4d19b7",
          "type": "color"
        },
        "8": {
          "value": "#351093",
          "type": "color"
        },
        "9": {
          "value": "#25097a",
          "type": "color"
        }
      }
    }
  }
}